{
  "skel_only": {
    "mean": 0.7714803795311388,
    "ci_low": 0.6161217833092834,
    "ci_high": 0.9003441764132553,
    "all90_observed": 3,
    "per_fold_macro": [
      1.0,
      1.0,
      1.0,
      0.8035714285714286,
      0.75,
      0.75,
      0.6333333333333333,
      0.25,
      0.75
    ]
  },
  "lr_only": {
    "mean": 0.9381170690908288,
    "ci_low": 0.8557084986772487,
    "ci_high": 1.0,
    "all90_observed": 7,
    "per_fold_macro": [
      1.0,
      0.7142857142857143,
      1.0,
      0.9821428571428572,
      1.0,
      0.75,
      1.0,
      1.0,
      1.0
    ]
  },
  "ttsp_subj": {
    "mean": 0.8894346865448138,
    "ci_low": 0.7716479276895943,
    "ci_high": 0.984260721916972,
    "all90_observed": 5,
    "per_fold_macro": [
      1.0,
      0.7142857142857143,
      1.0,
      0.9821428571428572,
      0.8571428571428571,
      0.9464285714285714,
      1.0,
      0.5,
      1.0
    ]
  },
  "ms224_e1i": {
    "mean": 0.9381170690908288,
    "ci_low": 0.8557084986772487,
    "ci_high": 1.0,
    "all90_observed": 7,
    "per_fold_macro": [
      1.0,
      0.7142857142857143,
      1.0,
      0.9821428571428572,
      1.0,
      0.75,
      1.0,
      1.0,
      1.0
    ]
  },
  "ttsp_selector": {
    "mean": 0.9919753415915326,
    "ci_low": 0.9754008463765622,
    "ci_high": 1.0,
    "all90_observed": 8,
    "per_fold_macro": [
      1.0,
      1.0,
      1.0,
      0.9821428571428572,
      1.0,
      0.9464285714285714,
      1.0,
      1.0,
      1.0
    ]
  },
  "oracle_ub": {
    "mean": 0.9919753415915326,
    "ci_low": 0.9754008463765622,
    "ci_high": 1.0,
    "all90_observed": 8,
    "per_fold_macro": [
      1.0,
      1.0,
      1.0,
      0.9821428571428572,
      1.0,
      0.9464285714285714,
      1.0,
      1.0,
      1.0
    ]
  },
  "mcnemar_vs_skel": {
    "lr_only": {
      "b": 102,
      "c": 16,
      "p": 1.6554428099502255e-16
    },
    "ttsp_subj": {
      "b": 76,
      "c": 16,
      "p": 1.5997152991106227e-10
    },
    "ttsp_selector": {
      "b": 113,
      "c": 0,
      "p": 1.925929944387236e-34
    },
    "ms224_e1i": {
      "b": 102,
      "c": 16,
      "p": 1.6554428099502255e-16
    }
  },
  "selector_choices": {
    "fu": "skel_only",
    "mukrop": "skel_only",
    "nonny": "skel_only",
    "boom": "lr_only",
    "peemai": "lr_only",
    "pan": "ttsp_subj",
    "namoon": "lr_only",
    "mai": "lr_only",
    "money": "lr_only"
  }
}